<?xml version="1.0" encoding="utf-8"?>
<odoo>
    <!-- Mail activity: Call - for Printer Request -->
    <record id="printer_request_mail_activity_call" model="mail.activity">
        <field name="activity_type_id" ref="mail.mail_activity_data_call"/>
        <field name="res_model_id" ref="generic_request.model_request_request"/>
        <field name="res_id" ref="request_request_type_sequence_printer_request"/>
        <field name="date_deadline" eval="time.strftime('%Y-%m-07')"/>
        <field name="summary">Call for details</field>
        <field name="note">
            Call to customer and clarify details about printer access
        </field>
        <field name="user_id" ref="user_demo_request_manager"/>
    </record>

    <record id="access_request_mail_activity_call" model="mail.activity">
        <field name="activity_type_id" ref="mail.mail_activity_data_call"/>
        <field name="res_model_id" ref="model_request_request"/>
        <field name="res_id" ref="request_request_type_access_demo_1"/>
        <field name="date_deadline" eval="time.strftime('%Y-%m-10')"/>
        <field name="summary">Call to request author</field>
        <field name="note">
            Call to request author
        </field>
        <field name="user_id" ref="user_demo_request_manager"/>
    </record>
    <record id="access_request_mail_activity_email" model="mail.activity">
        <field name="activity_type_id" ref="mail.mail_activity_data_email"/>
        <field name="res_model_id" ref="model_request_request"/>
        <field name="res_id" ref="request_request_type_access_demo_1"/>
        <field name="date_deadline" eval="time.strftime('%Y-%m-12')"/>
        <field name="summary">Email to request author</field>
        <field name="note">
            Email to request author
        </field>
        <field name="user_id" ref="user_demo_request_manager"/>
    </record>

    <record id="non_ascii_request_mail_activity_todo" model="mail.activity">
        <field name="activity_type_id" ref="mail.mail_activity_data_todo"/>
        <field name="res_model_id" ref="model_request_request"/>
        <field name="res_id" ref="request_request_type_non_ascii_demo_1"/>
        <field name="date_deadline" eval="time.strftime('%Y-%m-15')"/>
        <field name="summary">Todo add description</field>
        <field name="note">
            Todo add description
        </field>
        <field name="user_id" ref="user_demo_request_manager"/>
    </record>
    <record id="non_ascii_request_mail_activity_meeting" model="mail.activity">
        <field name="activity_type_id" ref="mail.mail_activity_data_meeting"/>
        <field name="res_model_id" ref="model_request_request"/>
        <field name="res_id" ref="request_request_type_non_ascii_demo_1"/>
        <field name="date_deadline" eval="time.strftime('%Y-%m-18')"/>
        <field name="summary">Meeting with customer</field>
        <field name="note">
            Meeting with customer
        </field>
        <field name="user_id" ref="user_demo_request_manager"/>
    </record>

    <record id="simple_request_mail_activity_email" model="mail.activity">
        <field name="activity_type_id" ref="mail.mail_activity_data_email"/>
        <field name="res_model_id" ref="model_request_request"/>
        <field name="res_id" ref="request_request_type_simple_demo_1"/>
        <field name="date_deadline" eval="time.strftime('%Y-%m-20')"/>
        <field name="summary">Email to customer</field>
        <field name="note">
            Email to customer
        </field>
        <field name="user_id" ref="user_demo_request_manager"/>
    </record>
    <record id="simple_request_mail_activity_meeting" model="mail.activity">
        <field name="activity_type_id" ref="mail.mail_activity_data_meeting"/>
        <field name="res_model_id" ref="model_request_request"/>
        <field name="res_id" ref="request_request_type_simple_demo_1"/>
        <field name="date_deadline" eval="time.strftime('%Y-%m-23')"/>
        <field name="summary">Meeting with partner</field>
        <field name="note">
            Meeting with partner
        </field>
        <field name="user_id" ref="user_demo_request_manager"/>
    </record>

    <record id="complex_priority_request_mail_activity_email" model="mail.activity">
        <field name="activity_type_id" ref="mail.mail_activity_data_email"/>
        <field name="res_model_id" ref="model_request_request"/>
        <field name="res_id" ref="demo_request_with_complex_priority"/>
        <field name="date_deadline" eval="time.strftime('%Y-%m-27')"/>
        <field name="summary">Email to partner</field>
        <field name="note">
            Email to partner
        </field>
        <field name="user_id" ref="user_demo_request_manager"/>
    </record>
    <record id="complex_priority_request_mail_activity_todo" model="mail.activity">
        <field name="activity_type_id" ref="mail.mail_activity_data_todo"/>
        <field name="res_model_id" ref="model_request_request"/>
        <field name="res_id" ref="demo_request_with_complex_priority"/>
        <field name="date_deadline" eval="time.strftime('%Y-%m-01')"/>
        <field name="summary">Todo change priority</field>
        <field name="note">
            Todo change priority
        </field>
        <field name="user_id" ref="user_demo_request_manager"/>
    </record>
    <record id="complex_priority_request_mail_activity_call" model="mail.activity">
        <field name="activity_type_id" ref="mail.mail_activity_data_call"/>
        <field name="res_model_id" ref="model_request_request"/>
        <field name="res_id" ref="demo_request_with_complex_priority"/>
        <field name="date_deadline" eval="time.strftime('%Y-%m-04')"/>
        <field name="summary">Call to partner</field>
        <field name="note">
            Call to partner
        </field>
        <field name="user_id" ref="user_demo_request_manager"/>
    </record>

</odoo>
