<?xml version="1.0" encoding="UTF-8"?>
<templates id="template" xml:space="preserve">

    <t t-name="crnd_wsd.request_text_editor">
        <div id="request-body-text-editor">
            <textarea id="request-body-text-editor-box">
               <t t-esc="request_text"/>
            </textarea>
            <div class="editor-control">
                <button class="btn btn-success btn-save">Save</button>
                <button class="btn btn-danger btn-cancel pull-right">Cancel</button>
            </div>
        </div>
    </t>

    <t t-name="crnd_wsd.Throbber">
        <div>
            <div class="oe_blockui_spin" style="height: 50px;">
                <div class="request_blockui_spin"></div>
            </div>
            <br />
            <div class="oe_throbber_message" style="color:white"></div>
        </div>
    </t>

</templates>
